id,name,age,city,salary
1,Person_1,38,NYC,59325
2,Person_2,57,LA,105567
3,Person_3,20,NYC,98173
4,Person_4,33,LA,57799
5,Person_5,29,LA,97597
6,Person_6,57,Phoenix,97274
7,Person_7,51,LA,105157
8,Person_8,52,NYC,63235
9,Person_9,36,NYC,101439
10,Person_10,36,NYC,90883
11,Person_11,51,NYC,83809
12,Person_12,27,Phoenix,90587
13,Person_13,42,Houston,54532
14,Person_14,30,Phoenix,119917
15,Person_15,58,Houston,55425
16,Person_16,45,Phoenix,68593
17,Person_17,48,LA,93472
18,Person_18,51,Chicago,119280
19,Person_19,37,Houston,62499
20,Person_20,54,Chicago,106045
21,Person_21,53,Phoenix,50802
22,Person_22,47,Chicago,77839
23,Person_23,41,Houston,97959
24,Person_24,37,Phoenix,113905
25,Person_25,53,Houston,79804
26,Person_26,38,LA,110314
27,Person_27,51,Chicago,119249
28,Person_28,59,LA,81026
29,Person_29,56,NYC,107425
30,Person_30,31,NYC,84063
31,Person_31,41,Chicago,43339
32,Person_32,34,LA,91004
33,Person_33,24,Houston,91394
34,Person_34,54,Phoenix,73754
35,Person_35,27,Phoenix,55264
36,Person_36,40,LA,45321
37,Person_37,37,Phoenix,59783
38,Person_38,38,Houston,45017
39,Person_39,40,LA,68717
40,Person_40,59,Chicago,64535
41,Person_41,30,Chicago,99952
42,Person_42,57,Phoenix,56430
43,Person_43,21,Chicago,82220
44,Person_44,23,NYC,93137
45,Person_45,53,Chicago,48428
46,Person_46,46,Houston,56220
47,Person_47,43,NYC,118897
48,Person_48,33,Houston,73730
49,Person_49,49,LA,63562
50,Person_50,44,LA,87940
51,Person_51,21,NYC,116250
52,Person_52,45,LA,106456
53,Person_53,50,Phoenix,83648
54,Person_54,38,Chicago,54533
55,Person_55,23,NYC,60335
56,Person_56,20,Houston,113192
57,Person_57,24,LA,89439
58,Person_58,54,NYC,47858
59,Person_59,26,Houston,53712
60,Person_60,29,NYC,64972
61,Person_61,24,NYC,57453
62,Person_62,49,Phoenix,70119
63,Person_63,58,Chicago,89936
64,Person_64,31,Chicago,115281
65,Person_65,20,NYC,95722
66,Person_66,41,Chicago,85254
67,Person_67,53,Chicago,110541
68,Person_68,24,LA,48120
69,Person_69,31,Houston,62256
70,Person_70,48,LA,80988
71,Person_71,48,Houston,71095
72,Person_72,41,Chicago,96737
73,Person_73,47,Phoenix,86457
74,Person_74,53,NYC,60522
75,Person_75,26,Phoenix,111195
76,Person_76,25,LA,43167
77,Person_77,38,NYC,103275
78,Person_78,39,Houston,56797
79,Person_79,25,LA,107757
80,Person_80,49,NYC,92521
81,Person_81,30,LA,42947
82,Person_82,57,NYC,107526
83,Person_83,54,Houston,65043
84,Person_84,38,Houston,61878
85,Person_85,38,NYC,107875
86,Person_86,28,Chicago,84706
87,Person_87,42,Phoenix,88549
88,Person_88,25,Phoenix,42424
89,Person_89,20,NYC,116975
90,Person_90,43,Phoenix,61304
91,Person_91,42,NYC,42453
92,Person_92,35,LA,55124
93,Person_93,41,Chicago,77111
94,Person_94,23,Houston,79574
95,Person_95,36,LA,50698
96,Person_96,24,NYC,110237
97,Person_97,23,Chicago,88149
98,Person_98,41,Phoenix,77957
99,Person_99,44,Chicago,78564
100,Person_100,53,NYC,55364
101,Person_101,23,Chicago,105974
102,Person_102,57,Phoenix,84934
103,Person_103,52,Phoenix,93576
104,Person_104,49,Chicago,89079
105,Person_105,20,LA,103372
106,Person_106,43,LA,88841
107,Person_107,51,Chicago,48182
108,Person_108,56,LA,101224
109,Person_109,50,LA,50086
110,Person_110,53,LA,102480
111,Person_111,24,Houston,75202
112,Person_112,25,LA,97619
113,Person_113,32,NYC,80083
114,Person_114,24,Chicago,84411
115,Person_115,40,Phoenix,107278
116,Person_116,50,Phoenix,63437
117,Person_117,38,Chicago,79384
118,Person_118,59,NYC,49899
119,Person_119,35,Chicago,95591
120,Person_120,35,Houston,70266
121,Person_121,43,NYC,87854
122,Person_122,50,NYC,98491
123,Person_123,44,LA,57685
124,Person_124,22,Houston,61785
125,Person_125,54,Chicago,103017
126,Person_126,47,LA,116452
127,Person_127,40,LA,60023
128,Person_128,38,Chicago,85308
129,Person_129,57,Houston,79210
130,Person_130,28,Phoenix,117706
131,Person_131,55,NYC,97458
132,Person_132,46,NYC,51621
133,Person_133,37,LA,67813
134,Person_134,35,Chicago,108489
135,Person_135,34,NYC,96561
136,Person_136,24,Houston,118292
137,Person_137,39,Phoenix,40184
138,Person_138,40,Phoenix,78824
139,Person_139,56,Phoenix,95286
140,Person_140,34,LA,47620
141,Person_141,20,NYC,98888
142,Person_142,52,NYC,89319
143,Person_143,47,Houston,41640
144,Person_144,54,Chicago,119399
145,Person_145,28,Houston,59010
146,Person_146,58,Phoenix,118915
147,Person_147,23,NYC,82287
148,Person_148,33,Houston,92767
149,Person_149,44,Houston,116915
150,Person_150,38,NYC,97659
151,Person_151,47,Phoenix,68851
152,Person_152,28,LA,110329
153,Person_153,37,NYC,89411
154,Person_154,54,LA,99784
155,Person_155,32,Phoenix,109127
156,Person_156,47,Chicago,53451
157,Person_157,39,Phoenix,99766
158,Person_158,57,Houston,113630
159,Person_159,21,Chicago,105328
160,Person_160,44,LA,65543
161,Person_161,44,NYC,101978
162,Person_162,24,Phoenix,62533
163,Person_163,34,LA,77176
164,Person_164,57,LA,53699
165,Person_165,54,NYC,48976
166,Person_166,37,LA,66455
167,Person_167,52,Chicago,63697
168,Person_168,44,Chicago,100485
169,Person_169,51,LA,72714
170,Person_170,36,LA,49176
171,Person_171,59,Houston,109088
172,Person_172,34,Houston,85319
173,Person_173,32,Phoenix,74160
174,Person_174,30,LA,106506
175,Person_175,21,Houston,81908
176,Person_176,24,Chicago,110581
177,Person_177,35,Phoenix,102511
178,Person_178,20,NYC,46345
179,Person_179,59,LA,45447
180,Person_180,55,NYC,98305
181,Person_181,41,Chicago,76148
182,Person_182,27,Chicago,57755
183,Person_183,24,NYC,67372
184,Person_184,52,Houston,94147
185,Person_185,28,LA,92345
186,Person_186,53,Phoenix,111667
187,Person_187,40,NYC,85227
188,Person_188,45,Chicago,52575
189,Person_189,43,NYC,97191
190,Person_190,42,Houston,113613
191,Person_191,48,Houston,108556
192,Person_192,23,NYC,92994
193,Person_193,54,LA,43246
194,Person_194,29,NYC,98208
195,Person_195,36,Houston,103104
196,Person_196,59,Houston,105845
197,Person_197,25,LA,95552
198,Person_198,23,NYC,69520
199,Person_199,35,LA,89824
200,Person_200,32,Houston,76356
201,Person_201,22,LA,71165
202,Person_202,34,LA,98334
203,Person_203,41,Chicago,100330
204,Person_204,40,LA,97039
205,Person_205,38,LA,92045
206,Person_206,23,Houston,90376
207,Person_207,39,LA,68457
208,Person_208,28,NYC,51986
209,Person_209,39,NYC,104257
210,Person_210,20,NYC,110571
211,Person_211,26,LA,92745
212,Person_212,41,Houston,61470
213,Person_213,32,NYC,62387
214,Person_214,22,NYC,115001
215,Person_215,29,Chicago,42933
216,Person_216,42,Chicago,76910
217,Person_217,56,Phoenix,66697
218,Person_218,47,Chicago,63447
219,Person_219,57,Phoenix,72722
220,Person_220,34,Houston,69360
221,Person_221,26,Phoenix,91944
222,Person_222,30,NYC,40763
223,Person_223,41,Chicago,64491
224,Person_224,34,Chicago,115922
225,Person_225,47,Chicago,58373
226,Person_226,53,LA,42576
227,Person_227,44,Chicago,78582
228,Person_228,40,LA,119325
229,Person_229,28,Phoenix,69098
230,Person_230,45,LA,46018
231,Person_231,34,LA,100987
232,Person_232,50,Chicago,119304
233,Person_233,25,Chicago,116741
234,Person_234,54,Houston,45982
235,Person_235,47,LA,45637
236,Person_236,48,LA,112646
237,Person_237,20,LA,83348
238,Person_238,54,Chicago,41127
239,Person_239,27,Houston,44695
240,Person_240,20,Chicago,74504
241,Person_241,29,Phoenix,52511
242,Person_242,29,Chicago,117002
243,Person_243,52,LA,60998
244,Person_244,58,Phoenix,83858
245,Person_245,42,NYC,117408
246,Person_246,28,LA,51923
247,Person_247,47,LA,50181
248,Person_248,23,Chicago,51182
249,Person_249,44,NYC,110223
250,Person_250,59,Chicago,41808
251,Person_251,56,Phoenix,53486
252,Person_252,54,NYC,43210
253,Person_253,27,Houston,100351
254,Person_254,27,Chicago,112558
255,Person_255,53,Phoenix,89326
256,Person_256,27,Chicago,91605
257,Person_257,38,Phoenix,107845
258,Person_258,49,NYC,117741
259,Person_259,26,Chicago,55608
260,Person_260,58,LA,76814
261,Person_261,56,Houston,73072
262,Person_262,42,Houston,47022
263,Person_263,42,Houston,66028
264,Person_264,37,Phoenix,65174
265,Person_265,56,LA,56095
266,Person_266,40,LA,44553
267,Person_267,52,Phoenix,55494
268,Person_268,48,Houston,111785
269,Person_269,37,LA,53127
270,Person_270,34,Houston,119265
271,Person_271,31,LA,112326
272,Person_272,41,LA,59212
273,Person_273,22,Houston,85470
274,Person_274,26,Phoenix,100378
275,Person_275,52,NYC,82588
276,Person_276,41,Phoenix,102692
277,Person_277,26,LA,58325
278,Person_278,40,Chicago,118957
279,Person_279,53,Chicago,108197
280,Person_280,38,NYC,50544
281,Person_281,24,Chicago,115136
282,Person_282,53,Houston,81026
283,Person_283,48,NYC,41804
284,Person_284,43,NYC,89874
285,Person_285,42,LA,75904
286,Person_286,40,LA,87393
287,Person_287,28,LA,114044
288,Person_288,43,NYC,91756
289,Person_289,54,NYC,116901
290,Person_290,25,LA,84157
291,Person_291,51,NYC,43788
292,Person_292,57,LA,62112
293,Person_293,24,Phoenix,84619
294,Person_294,50,NYC,104039
295,Person_295,35,Phoenix,41341
296,Person_296,36,NYC,101799
297,Person_297,47,Chicago,80334
298,Person_298,35,Chicago,82103
299,Person_299,47,Phoenix,113324
300,Person_300,26,NYC,107181
301,Person_301,29,Chicago,52641
302,Person_302,47,Phoenix,88127
303,Person_303,51,Chicago,62516
304,Person_304,30,LA,113172
305,Person_305,55,NYC,47617
306,Person_306,54,Houston,113506
307,Person_307,30,Chicago,94803
308,Person_308,54,NYC,82256
309,Person_309,49,NYC,82457
310,Person_310,20,Houston,114479
311,Person_311,25,Chicago,92632
312,Person_312,24,Chicago,83890
313,Person_313,35,Chicago,43666
314,Person_314,27,LA,50047
315,Person_315,47,Phoenix,108687
316,Person_316,26,Phoenix,61135
317,Person_317,42,Houston,51935
318,Person_318,48,Houston,43330
319,Person_319,20,NYC,78546
320,Person_320,43,NYC,77952
321,Person_321,39,Phoenix,55835
322,Person_322,35,Chicago,85599
323,Person_323,32,NYC,50871
324,Person_324,27,Chicago,89056
325,Person_325,47,Houston,81883
326,Person_326,55,LA,54493
327,Person_327,20,Phoenix,104536
328,Person_328,55,Houston,84895
329,Person_329,44,NYC,58032
330,Person_330,45,Chicago,56656
331,Person_331,30,Chicago,48274
332,Person_332,25,NYC,115369
333,Person_333,29,Houston,91034
334,Person_334,40,NYC,56462
335,Person_335,52,Houston,40839
336,Person_336,42,NYC,115958
337,Person_337,32,Phoenix,98869
338,Person_338,26,Phoenix,109318
339,Person_339,47,LA,84950
340,Person_340,28,NYC,80281
341,Person_341,24,LA,111392
342,Person_342,31,LA,59211
343,Person_343,30,LA,96673
344,Person_344,33,LA,114915
345,Person_345,30,Houston,47686
346,Person_346,38,NYC,79061
347,Person_347,47,NYC,51668
348,Person_348,50,LA,54103
349,Person_349,28,Houston,49478
350,Person_350,46,Chicago,67486
351,Person_351,22,Phoenix,76016
352,Person_352,48,NYC,75095
353,Person_353,28,NYC,104108
354,Person_354,51,LA,103101
355,Person_355,40,Houston,66210
356,Person_356,48,Chicago,89959
357,Person_357,51,NYC,78561
358,Person_358,21,NYC,82903
359,Person_359,54,Chicago,104915
360,Person_360,30,NYC,96654
361,Person_361,58,Phoenix,87144
362,Person_362,56,Houston,117603
363,Person_363,39,NYC,104135
364,Person_364,28,Chicago,56783
365,Person_365,45,LA,114945
366,Person_366,30,NYC,88484
367,Person_367,25,LA,61633
368,Person_368,47,NYC,47566
369,Person_369,29,NYC,52765
370,Person_370,36,NYC,44493
371,Person_371,21,LA,86278
372,Person_372,33,Phoenix,94499
373,Person_373,37,Phoenix,88290
374,Person_374,24,NYC,95294
375,Person_375,31,NYC,99834
376,Person_376,30,Houston,114880
377,Person_377,54,LA,53236
378,Person_378,54,NYC,103609
379,Person_379,38,Houston,102532
380,Person_380,48,Chicago,59188
381,Person_381,31,NYC,67454
382,Person_382,24,Houston,57694
383,Person_383,55,Houston,55336
384,Person_384,55,Phoenix,50641
385,Person_385,57,NYC,99025
386,Person_386,59,Phoenix,55253
387,Person_387,33,Houston,84532
388,Person_388,52,NYC,51741
389,Person_389,40,LA,41640
390,Person_390,21,Houston,77540
391,Person_391,57,Phoenix,103185
392,Person_392,53,LA,89585
393,Person_393,27,Phoenix,112893
394,Person_394,23,Phoenix,53050
395,Person_395,31,Phoenix,88206
396,Person_396,46,LA,115463
397,Person_397,28,Chicago,43638
398,Person_398,55,Houston,56034
399,Person_399,31,Phoenix,58187
400,Person_400,48,LA,88067
401,Person_401,38,Houston,110166
402,Person_402,36,Chicago,83408
403,Person_403,35,Chicago,54949
404,Person_404,23,Phoenix,46595
405,Person_405,57,Chicago,115134
406,Person_406,46,Phoenix,53020
407,Person_407,48,LA,59085
408,Person_408,31,LA,99336
409,Person_409,22,Phoenix,63909
410,Person_410,48,Chicago,65557
411,Person_411,46,NYC,95459
412,Person_412,43,Chicago,45814
413,Person_413,20,Phoenix,106323
414,Person_414,31,Phoenix,88641
415,Person_415,47,LA,111413
416,Person_416,29,Phoenix,94569
417,Person_417,44,Chicago,103447
418,Person_418,32,NYC,79086
419,Person_419,36,NYC,90746
420,Person_420,54,Houston,115835
421,Person_421,57,Phoenix,96414
422,Person_422,29,Houston,104976
423,Person_423,36,Chicago,107050
424,Person_424,45,Chicago,69424
425,Person_425,24,NYC,65674
426,Person_426,21,LA,102535
427,Person_427,55,Chicago,44392
428,Person_428,43,NYC,80846
429,Person_429,46,Chicago,118626
430,Person_430,43,Chicago,81050
431,Person_431,32,Phoenix,96903
432,Person_432,36,Houston,88230
433,Person_433,38,Houston,97780
434,Person_434,54,NYC,115943
435,Person_435,40,Chicago,45608
436,Person_436,48,Phoenix,90126
437,Person_437,25,Houston,70303
438,Person_438,57,Houston,90438
439,Person_439,20,Phoenix,101788
440,Person_440,27,Phoenix,78925
441,Person_441,57,NYC,109251
442,Person_442,30,LA,81277
443,Person_443,40,LA,106625
444,Person_444,25,NYC,68803
445,Person_445,49,Phoenix,87530
446,Person_446,25,Chicago,59627
447,Person_447,31,Chicago,73933
448,Person_448,54,Houston,67769
449,Person_449,35,Chicago,108497
450,Person_450,23,Houston,58426
451,Person_451,43,Phoenix,79624
452,Person_452,54,Houston,54340
453,Person_453,51,Phoenix,112355
454,Person_454,50,LA,71569
455,Person_455,40,LA,54546
456,Person_456,36,LA,61565
457,Person_457,45,Phoenix,71348
458,Person_458,31,NYC,45016
459,Person_459,47,Phoenix,90932
460,Person_460,59,NYC,40960
461,Person_461,59,NYC,42274
462,Person_462,54,LA,88517
463,Person_463,32,LA,95701
464,Person_464,26,Phoenix,54763
465,Person_465,55,Houston,73549
466,Person_466,56,LA,90985
467,Person_467,47,NYC,54231
468,Person_468,37,Phoenix,59954
469,Person_469,41,Chicago,113637
470,Person_470,55,Houston,53837
471,Person_471,26,NYC,95004
472,Person_472,29,Phoenix,113606
473,Person_473,52,LA,97686
474,Person_474,45,Phoenix,50222
475,Person_475,57,LA,68739
476,Person_476,28,Phoenix,53846
477,Person_477,39,Phoenix,99019
478,Person_478,23,Houston,43042
479,Person_479,21,NYC,41938
480,Person_480,47,Chicago,71428
481,Person_481,31,NYC,87088
482,Person_482,54,LA,55887
483,Person_483,40,Chicago,55752
484,Person_484,48,Chicago,106778
485,Person_485,51,Houston,46582
486,Person_486,59,Chicago,99904
487,Person_487,31,LA,88657
488,Person_488,36,Phoenix,70996
489,Person_489,31,NYC,69992
490,Person_490,34,Houston,62538
491,Person_491,55,Phoenix,82198
492,Person_492,24,Chicago,50486
493,Person_493,20,NYC,40755
494,Person_494,26,Houston,40547
495,Person_495,43,LA,109231
496,Person_496,57,Houston,103786
497,Person_497,22,Phoenix,74397
498,Person_498,52,NYC,40713
499,Person_499,34,NYC,119431
500,Person_500,52,Phoenix,90614
501,Person_501,31,LA,102980
502,Person_502,57,Phoenix,95992
503,Person_503,32,LA,102324
504,Person_504,50,Chicago,111616
505,Person_505,20,Houston,56321
506,Person_506,20,Phoenix,59875
507,Person_507,49,LA,74136
508,Person_508,47,LA,50878
509,Person_509,34,Chicago,91029
510,Person_510,49,NYC,48335
511,Person_511,24,Phoenix,74720
512,Person_512,35,Houston,64689
513,Person_513,20,Houston,119217
514,Person_514,53,Phoenix,110817
515,Person_515,32,Houston,118425
516,Person_516,39,Chicago,77931
517,Person_517,34,Phoenix,44888
518,Person_518,20,Chicago,71374
519,Person_519,21,Chicago,97286
520,Person_520,22,Phoenix,97267
521,Person_521,30,NYC,93051
522,Person_522,39,Phoenix,77693
523,Person_523,33,Phoenix,72307
524,Person_524,36,Phoenix,73712
525,Person_525,27,Phoenix,65813
526,Person_526,25,Houston,85260
527,Person_527,23,NYC,51670
528,Person_528,56,LA,82252
529,Person_529,21,Houston,75574
530,Person_530,56,LA,94518
531,Person_531,22,Phoenix,109250
532,Person_532,22,Phoenix,43286
533,Person_533,42,Phoenix,101432
534,Person_534,52,LA,83314
535,Person_535,23,Phoenix,56248
536,Person_536,26,Chicago,68042
537,Person_537,54,LA,86236
538,Person_538,40,LA,50632
539,Person_539,45,Chicago,97551
540,Person_540,51,NYC,104937
541,Person_541,26,LA,49864
542,Person_542,43,Chicago,88398
543,Person_543,25,LA,62868
544,Person_544,38,NYC,59185
545,Person_545,55,Houston,56034
546,Person_546,29,Phoenix,113984
547,Person_547,34,Phoenix,77520
548,Person_548,39,Chicago,101982
549,Person_549,21,LA,72186
550,Person_550,22,NYC,111794
551,Person_551,25,LA,53289
552,Person_552,30,NYC,68988
553,Person_553,34,LA,103637
554,Person_554,39,Chicago,115102
555,Person_555,49,Houston,88124
556,Person_556,57,Houston,40384
557,Person_557,57,NYC,65580
558,Person_558,38,Houston,92042
559,Person_559,33,Phoenix,62207
560,Person_560,56,Houston,118540
561,Person_561,31,Chicago,40488
562,Person_562,50,LA,57777
563,Person_563,32,NYC,92345
564,Person_564,43,Phoenix,76806
565,Person_565,34,Chicago,53763
566,Person_566,53,NYC,113664
567,Person_567,48,NYC,110547
568,Person_568,24,NYC,106879
569,Person_569,21,LA,65569
570,Person_570,23,Chicago,67046
571,Person_571,55,Chicago,118168
572,Person_572,42,LA,55336
573,Person_573,59,NYC,95185
574,Person_574,33,Phoenix,59790
575,Person_575,55,NYC,64626
576,Person_576,20,Phoenix,54647
577,Person_577,56,NYC,47487
578,Person_578,54,Phoenix,83989
579,Person_579,58,Houston,54785
580,Person_580,57,Phoenix,118650
581,Person_581,21,Phoenix,53801
582,Person_582,20,Houston,64883
583,Person_583,21,Chicago,82156
584,Person_584,52,Houston,98852
585,Person_585,47,LA,97681
586,Person_586,32,Houston,51802
587,Person_587,45,NYC,56957
588,Person_588,53,LA,60811
589,Person_589,30,NYC,108815
590,Person_590,59,Phoenix,69425
591,Person_591,44,NYC,78327
592,Person_592,52,NYC,110775
593,Person_593,50,Chicago,54620
594,Person_594,45,Chicago,103464
595,Person_595,49,Chicago,91180
596,Person_596,39,Houston,45478
597,Person_597,32,NYC,73943
598,Person_598,25,Chicago,93238
599,Person_599,35,NYC,89976
600,Person_600,44,LA,42636
601,Person_601,25,Houston,79454
602,Person_602,32,Houston,119255
603,Person_603,28,NYC,51207
604,Person_604,27,Chicago,54885
605,Person_605,27,Chicago,107178
606,Person_606,56,NYC,108808
607,Person_607,50,Houston,45807
608,Person_608,40,Phoenix,105468
609,Person_609,20,LA,91866
610,Person_610,41,NYC,115233
611,Person_611,46,Phoenix,79242
612,Person_612,56,Chicago,97392
613,Person_613,44,Houston,118386
614,Person_614,35,LA,40530
615,Person_615,34,LA,59772
616,Person_616,55,Houston,43197
617,Person_617,37,Chicago,66521
618,Person_618,25,Chicago,81500
619,Person_619,47,Phoenix,60367
620,Person_620,43,LA,93985
621,Person_621,26,Houston,116106
622,Person_622,50,NYC,104545
623,Person_623,39,Chicago,58215
624,Person_624,31,Houston,51023
625,Person_625,57,Chicago,84378
626,Person_626,39,LA,71688
627,Person_627,36,Phoenix,44270
628,Person_628,29,Chicago,84941
629,Person_629,25,Houston,62239
630,Person_630,22,LA,79118
631,Person_631,48,NYC,112184
632,Person_632,51,NYC,93407
633,Person_633,49,NYC,88082
634,Person_634,50,NYC,96894
635,Person_635,29,Phoenix,72242
636,Person_636,41,Chicago,101363
637,Person_637,27,Chicago,100740
638,Person_638,22,Houston,87719
639,Person_639,56,NYC,59197
640,Person_640,21,LA,66300
641,Person_641,34,Phoenix,71216
642,Person_642,45,Phoenix,115745
643,Person_643,42,Houston,91191
644,Person_644,53,LA,111466
645,Person_645,25,Phoenix,112917
646,Person_646,55,Phoenix,51546
647,Person_647,20,Chicago,97664
648,Person_648,26,Houston,76319
649,Person_649,58,LA,50604
650,Person_650,51,Chicago,74249
651,Person_651,42,Phoenix,105996
652,Person_652,33,LA,55501
653,Person_653,37,Chicago,61324
654,Person_654,32,LA,72621
655,Person_655,49,NYC,91187
656,Person_656,55,Chicago,97208
657,Person_657,29,Chicago,77784
658,Person_658,56,NYC,71206
659,Person_659,41,Chicago,101093
660,Person_660,58,Chicago,107757
661,Person_661,48,Houston,101559
662,Person_662,51,Houston,112421
663,Person_663,25,NYC,50993
664,Person_664,24,NYC,74126
665,Person_665,26,Phoenix,117501
666,Person_666,31,NYC,94508
667,Person_667,42,LA,110978
668,Person_668,52,Phoenix,98817
669,Person_669,59,NYC,42480
670,Person_670,47,LA,89729
671,Person_671,43,NYC,67480
672,Person_672,46,Houston,45131
673,Person_673,31,Houston,79600
674,Person_674,59,NYC,79461
675,Person_675,38,LA,89310
676,Person_676,57,Chicago,79738
677,Person_677,21,LA,99797
678,Person_678,39,Chicago,79207
679,Person_679,55,LA,54384
680,Person_680,25,Houston,83659
681,Person_681,39,LA,73953
682,Person_682,43,NYC,110599
683,Person_683,31,Houston,113682
684,Person_684,29,Chicago,69142
685,Person_685,39,Chicago,114781
686,Person_686,57,NYC,63998
687,Person_687,38,Chicago,70141
688,Person_688,24,Chicago,115478
689,Person_689,25,Chicago,112354
690,Person_690,26,Houston,110889
691,Person_691,51,NYC,94124
692,Person_692,34,NYC,44083
693,Person_693,52,LA,88279
694,Person_694,57,Chicago,46228
695,Person_695,39,Houston,110680
696,Person_696,32,Houston,112130
697,Person_697,53,NYC,83102
698,Person_698,34,Chicago,52809
699,Person_699,33,LA,112680
700,Person_700,54,Phoenix,55469
701,Person_701,55,Houston,58766
702,Person_702,48,NYC,100261
703,Person_703,21,NYC,87083
704,Person_704,46,Phoenix,56426
705,Person_705,59,Houston,51983
706,Person_706,43,LA,42871
707,Person_707,37,LA,89466
708,Person_708,45,Phoenix,111782
709,Person_709,54,Houston,58019
710,Person_710,59,Chicago,117658
711,Person_711,42,Chicago,90271
712,Person_712,22,Phoenix,63355
713,Person_713,51,Phoenix,60923
714,Person_714,50,NYC,68519
715,Person_715,29,Phoenix,110096
716,Person_716,28,Houston,79155
717,Person_717,48,LA,50633
718,Person_718,36,LA,65763
719,Person_719,35,Phoenix,77551
720,Person_720,50,Chicago,110314
721,Person_721,57,LA,41051
722,Person_722,38,LA,53044
723,Person_723,29,Houston,50633
724,Person_724,36,Chicago,95292
725,Person_725,52,Phoenix,59902
726,Person_726,55,LA,63086
727,Person_727,27,Phoenix,102164
728,Person_728,48,Houston,42965
729,Person_729,37,Chicago,67359
730,Person_730,52,LA,96718
731,Person_731,29,Houston,105701
732,Person_732,24,NYC,75007
733,Person_733,59,Houston,83485
734,Person_734,37,Houston,98956
735,Person_735,31,NYC,68185
736,Person_736,37,NYC,74189
737,Person_737,48,NYC,40220
738,Person_738,40,LA,48135
739,Person_739,48,LA,117176
740,Person_740,28,Houston,119266
741,Person_741,43,Phoenix,96844
742,Person_742,27,Phoenix,46722
743,Person_743,52,Houston,102588
744,Person_744,53,LA,63298
745,Person_745,28,Chicago,52831
746,Person_746,58,Phoenix,45036
747,Person_747,36,Houston,76332
748,Person_748,33,Houston,46190
749,Person_749,41,NYC,47170
750,Person_750,58,Phoenix,63540
751,Person_751,55,NYC,68795
752,Person_752,22,Chicago,76382
753,Person_753,29,Chicago,76790
754,Person_754,58,Phoenix,86206
755,Person_755,51,Chicago,102144
756,Person_756,53,NYC,83237
757,Person_757,47,Chicago,65357
758,Person_758,37,NYC,53499
759,Person_759,20,NYC,54689
760,Person_760,43,Phoenix,109361
761,Person_761,52,Chicago,44595
762,Person_762,20,Chicago,85291
763,Person_763,41,NYC,92971
764,Person_764,38,LA,85405
765,Person_765,53,Houston,72369
766,Person_766,52,LA,108774
767,Person_767,39,LA,108990
768,Person_768,39,LA,102159
769,Person_769,33,NYC,79434
770,Person_770,41,Houston,89304
771,Person_771,48,NYC,82602
772,Person_772,32,NYC,55636
773,Person_773,21,Houston,46998
774,Person_774,49,Phoenix,84224
775,Person_775,30,Houston,83419
776,Person_776,42,Houston,41884
777,Person_777,20,LA,77945
778,Person_778,31,Chicago,66269
779,Person_779,58,LA,87727
780,Person_780,41,Phoenix,115137
781,Person_781,40,Houston,70092
782,Person_782,48,Chicago,76903
783,Person_783,57,Phoenix,86709
784,Person_784,38,Houston,117493
785,Person_785,30,Houston,119649
786,Person_786,22,Phoenix,83738
787,Person_787,37,Chicago,92252
788,Person_788,41,NYC,85941
789,Person_789,42,Phoenix,48652
790,Person_790,47,Houston,75136
791,Person_791,43,LA,84852
792,Person_792,44,LA,111566
793,Person_793,50,Houston,59676
794,Person_794,25,LA,64978
795,Person_795,21,Chicago,42023
796,Person_796,26,Chicago,91866
797,Person_797,28,NYC,67181
798,Person_798,44,Chicago,78535
799,Person_799,44,Phoenix,73249
800,Person_800,32,Phoenix,77022
801,Person_801,23,Chicago,85923
802,Person_802,21,LA,85807
803,Person_803,42,LA,60513
804,Person_804,59,Chicago,119096
805,Person_805,28,Chicago,72489
806,Person_806,46,NYC,97681
807,Person_807,53,NYC,73854
808,Person_808,34,Phoenix,73750
809,Person_809,54,Chicago,77063
810,Person_810,47,LA,78253
811,Person_811,34,LA,64155
812,Person_812,47,Phoenix,63616
813,Person_813,30,NYC,90192
814,Person_814,55,Phoenix,119964
815,Person_815,21,NYC,45015
816,Person_816,24,LA,58274
817,Person_817,57,Phoenix,65915
818,Person_818,50,Chicago,61410
819,Person_819,23,Phoenix,118746
820,Person_820,35,Phoenix,101161
821,Person_821,38,Houston,45403
822,Person_822,46,Phoenix,115843
823,Person_823,48,Phoenix,49766
824,Person_824,54,Houston,77798
825,Person_825,37,Phoenix,68564
826,Person_826,23,NYC,93298
827,Person_827,46,Phoenix,52125
828,Person_828,25,Phoenix,73801
829,Person_829,23,Houston,71414
830,Person_830,44,NYC,45589
831,Person_831,37,Houston,47707
832,Person_832,45,NYC,86183
833,Person_833,29,LA,90753
834,Person_834,51,Houston,90051
835,Person_835,31,Phoenix,87813
836,Person_836,56,Phoenix,54252
837,Person_837,34,Phoenix,43772
838,Person_838,26,Phoenix,66152
839,Person_839,54,Phoenix,64331
840,Person_840,45,Chicago,66292
841,Person_841,23,Phoenix,114774
842,Person_842,38,LA,58862
843,Person_843,37,NYC,65358
844,Person_844,35,Chicago,87161
845,Person_845,50,LA,60339
846,Person_846,55,LA,55201
847,Person_847,46,Houston,70061
848,Person_848,52,Phoenix,72516
849,Person_849,43,LA,75541
850,Person_850,39,NYC,57746
851,Person_851,58,NYC,55230
852,Person_852,35,Chicago,113154
853,Person_853,27,Phoenix,63048
854,Person_854,35,Chicago,72883
855,Person_855,20,Chicago,89526
856,Person_856,39,Chicago,45087
857,Person_857,49,Chicago,98584
858,Person_858,52,LA,47252
859,Person_859,57,Houston,111720
860,Person_860,58,NYC,81208
861,Person_861,41,NYC,73268
862,Person_862,39,Chicago,106346
863,Person_863,20,LA,99034
864,Person_864,53,LA,91152
865,Person_865,34,Phoenix,95755
866,Person_866,50,Houston,66582
867,Person_867,39,Chicago,119417
868,Person_868,23,Chicago,73846
869,Person_869,58,LA,76853
870,Person_870,50,Chicago,101602
871,Person_871,48,LA,45148
872,Person_872,40,NYC,41264
873,Person_873,59,LA,81605
874,Person_874,44,Houston,94249
875,Person_875,29,NYC,85383
876,Person_876,33,Chicago,102762
877,Person_877,26,LA,52465
878,Person_878,20,NYC,68449
879,Person_879,52,NYC,54698
880,Person_880,58,LA,60192
881,Person_881,37,Phoenix,74120
882,Person_882,55,Chicago,103954
883,Person_883,38,NYC,63488
884,Person_884,34,Houston,41191
885,Person_885,26,Chicago,48798
886,Person_886,36,NYC,108036
887,Person_887,25,Chicago,103479
888,Person_888,27,Houston,113756
889,Person_889,49,Phoenix,48349
890,Person_890,59,Phoenix,106930
891,Person_891,53,Chicago,95171
892,Person_892,42,Phoenix,97668
893,Person_893,25,LA,87092
894,Person_894,54,Chicago,102761
895,Person_895,43,Houston,90554
896,Person_896,51,Houston,42121
897,Person_897,46,Phoenix,68333
898,Person_898,59,LA,45261
899,Person_899,44,Houston,57201
900,Person_900,29,Houston,107315
901,Person_901,38,NYC,81757
902,Person_902,41,NYC,77232
903,Person_903,25,LA,87421
904,Person_904,47,NYC,98520
905,Person_905,57,Houston,107788
906,Person_906,50,Phoenix,52356
907,Person_907,42,Houston,70480
908,Person_908,38,Phoenix,115546
909,Person_909,23,Houston,109187
910,Person_910,57,Houston,88931
911,Person_911,53,Phoenix,87287
912,Person_912,48,LA,75815
913,Person_913,49,NYC,87992
914,Person_914,22,Chicago,86080
915,Person_915,54,Houston,67457
916,Person_916,56,NYC,107094
917,Person_917,21,Chicago,48004
918,Person_918,54,Chicago,42960
919,Person_919,25,NYC,63889
920,Person_920,51,NYC,103450
921,Person_921,47,NYC,114233
922,Person_922,58,LA,90236
923,Person_923,59,Phoenix,59529
924,Person_924,49,NYC,64168
925,Person_925,57,Houston,87346
926,Person_926,46,Houston,45464
927,Person_927,38,Chicago,91796
928,Person_928,59,LA,54267
929,Person_929,39,Phoenix,103244
930,Person_930,57,LA,77986
931,Person_931,26,Phoenix,43912
932,Person_932,52,Phoenix,94254
933,Person_933,40,Phoenix,70293
934,Person_934,51,LA,101615
935,Person_935,26,NYC,72224
936,Person_936,55,Phoenix,64737
937,Person_937,34,Chicago,82237
938,Person_938,34,Chicago,106468
939,Person_939,27,Houston,105245
940,Person_940,27,LA,107494
941,Person_941,20,Houston,44019
942,Person_942,26,Phoenix,107919
943,Person_943,31,NYC,111690
944,Person_944,52,LA,48248
945,Person_945,57,NYC,100203
946,Person_946,24,Chicago,84080
947,Person_947,42,Phoenix,95966
948,Person_948,49,Houston,90363
949,Person_949,53,LA,64261
950,Person_950,45,Houston,40978
951,Person_951,42,Chicago,52217
952,Person_952,55,Chicago,106773
953,Person_953,49,Houston,82607
954,Person_954,38,LA,79031
955,Person_955,59,Phoenix,113861
956,Person_956,44,NYC,63710
957,Person_957,47,NYC,66352
958,Person_958,56,NYC,83879
959,Person_959,36,Phoenix,76443
960,Person_960,31,Chicago,117092
961,Person_961,59,Houston,111680
962,Person_962,28,LA,48785
963,Person_963,51,Chicago,78018
964,Person_964,26,Houston,106189
965,Person_965,53,LA,77958
966,Person_966,58,Chicago,67238
967,Person_967,21,NYC,73045
968,Person_968,57,NYC,60373
969,Person_969,21,NYC,93407
970,Person_970,46,Houston,64974
971,Person_971,38,NYC,105522
972,Person_972,25,Houston,115728
973,Person_973,23,LA,83859
974,Person_974,43,Chicago,59260
975,Person_975,27,NYC,50591
976,Person_976,40,LA,55704
977,Person_977,57,LA,40151
978,Person_978,57,Houston,110508
979,Person_979,34,NYC,68689
980,Person_980,44,LA,97917
981,Person_981,43,NYC,107755
982,Person_982,32,LA,57069
983,Person_983,49,LA,55799
984,Person_984,39,LA,110079
985,Person_985,41,LA,56453
986,Person_986,29,Houston,111217
987,Person_987,28,Phoenix,93734
988,Person_988,30,LA,110627
989,Person_989,35,Houston,54880
990,Person_990,24,Phoenix,53763
991,Person_991,42,Chicago,53094
992,Person_992,27,NYC,112719
993,Person_993,53,LA,110915
994,Person_994,50,Phoenix,74657
995,Person_995,23,NYC,65566
996,Person_996,25,Houston,98739
997,Person_997,38,Chicago,78402
998,Person_998,56,Phoenix,43519
999,Person_999,24,NYC,58724
1000,Person_1000,28,Phoenix,97397
